﻿<parameters>
  <parameter name="IIS Web Application Name" defaultValue="Default Web Site/property" tags="IisApp">
    <parameterEntry kind="ProviderPath" scope="IisApp" match="^C:\\code\\Visual\ Studio\\Projects\\PropertyWebAPI\\PropertyWebAPI\\obj\\Release\\Package\\PackageTmp$" />
    <parameterEntry kind="ProviderPath" scope="setAcl" match="^C:\\code\\Visual\ Studio\\Projects\\PropertyWebAPI\\PropertyWebAPI\\obj\\Release\\Package\\PackageTmp$" />
  </parameter>
  <parameter name="ACRISEntities-Web.config Connection String" defaultValue="metadata=res://*/acrisDB.csdl|res://*/acrisDB.ssdl|res://*/acrisDB.msl;provider=System.Data.SqlClient;provider connection string='Data Source=&quot;localhost, 4436&quot;;Initial Catalog=AreaAbstractNew;Persist Security Info=True;User ID=sa;Password=eY2Fe6TN&lt;eDS'">
    <parameterEntry kind="XmlFile" scope="C:\\code\\Visual\ Studio\\Projects\\PropertyWebAPI\\PropertyWebAPI\\obj\\Release\\Package\\PackageTmp\\Web\.config$" match="/configuration/connectionStrings/add[@name='ACRISEntities']/@connectionString" />
  </parameter>
  <parameter name="GPADBEntities1-Web.config Connection String" defaultValue="metadata=res://*/GPADB.csdl|res://*/GPADB.ssdl|res://*/GPADB.msl;provider=System.Data.SqlClient;provider connection string='Data Source=&quot;localhost, 4436&quot;;Initial Catalog=GPADB;Persist Security Info=True;User ID=sa;Password=eY2Fe6TN&lt;eDS'">
    <parameterEntry kind="XmlFile" scope="C:\\code\\Visual\ Studio\\Projects\\PropertyWebAPI\\PropertyWebAPI\\obj\\Release\\Package\\PackageTmp\\Web\.config$" match="/configuration/connectionStrings/add[@name='GPADBEntities1']/@connectionString" />
  </parameter>
  <parameter name="NYCDOBEntities-Web.config Connection String" defaultValue="metadata=res://*/NYCDOB.csdl|res://*/NYCDOB.ssdl|res://*/NYCDOB.msl;provider=System.Data.SqlClient;provider connection string='Data Source=&quot;localhost, 4436&quot;;Initial Catalog=NYCDOB;Persist Security Info=True;User ID=sa;Password=eY2Fe6TN&lt;eDS'">
    <parameterEntry kind="XmlFile" scope="C:\\code\\Visual\ Studio\\Projects\\PropertyWebAPI\\PropertyWebAPI\\obj\\Release\\Package\\PackageTmp\\Web\.config$" match="/configuration/connectionStrings/add[@name='NYCDOBEntities']/@connectionString" />
  </parameter>
  <parameter name="NYCDOFEntities-Web.config Connection String" defaultValue="metadata=res://*/NYCDOFDB.csdl|res://*/NYCDOFDB.ssdl|res://*/NYCDOFDB.msl;provider=System.Data.SqlClient;provider connection string='Data Source=&quot;localhost, 4436&quot;;Initial Catalog=NYCDOF;Persist Security Info=True;User ID=sa;Password=eY2Fe6TN&lt;eDS'">
    <parameterEntry kind="XmlFile" scope="C:\\code\\Visual\ Studio\\Projects\\PropertyWebAPI\\PropertyWebAPI\\obj\\Release\\Package\\PackageTmp\\Web\.config$" match="/configuration/connectionStrings/add[@name='NYCDOFEntities']/@connectionString" />
  </parameter>
  <parameter name="NYCMAEntities-Web.config Connection String" defaultValue="metadata=res://*/NYCMADB.csdl|res://*/NYCMADB.ssdl|res://*/NYCMADB.msl;provider=System.Data.SqlClient;provider connection string='Data Source=&quot;localhost, 4436&quot;;Initial Catalog=NYCMA;Persist Security Info=True;User ID=sa;Password=eY2Fe6TN&lt;eDS'">
    <parameterEntry kind="XmlFile" scope="C:\\code\\Visual\ Studio\\Projects\\PropertyWebAPI\\PropertyWebAPI\\obj\\Release\\Package\\PackageTmp\\Web\.config$" match="/configuration/connectionStrings/add[@name='NYCMAEntities']/@connectionString" />
  </parameter>
  <parameter name="NYCOURTSEntities-Web.config Connection String" defaultValue="metadata=res://*/eCourtsEDM.csdl|res://*/eCourtsEDM.ssdl|res://*/eCourtsEDM.msl;provider=System.Data.SqlClient;provider connection string='Data Source=&quot;localhost, 4436&quot;;Initial Catalog=NYCOURTS;Persist Security Info=True;User ID=sa;Password=eY2Fe6TN&lt;eDS'">
    <parameterEntry kind="XmlFile" scope="C:\\code\\Visual\ Studio\\Projects\\PropertyWebAPI\\PropertyWebAPI\\obj\\Release\\Package\\PackageTmp\\Web\.config$" match="/configuration/connectionStrings/add[@name='NYCOURTSEntities']/@connectionString" />
  </parameter>
  <parameter name="NYCVNLEntities-Web.config Connection String" defaultValue="metadata=res://*/NYCVNL.csdl|res://*/NYCVNL.ssdl|res://*/NYCVNL.msl;provider=System.Data.SqlClient;provider connection string='Data Source=&quot;localhost, 4436&quot;;Initial Catalog=NYCVNL;Persist Security Info=True;User ID=sa;Password=eY2Fe6TN&lt;eDS'">
    <parameterEntry kind="XmlFile" scope="C:\\code\\Visual\ Studio\\Projects\\PropertyWebAPI\\PropertyWebAPI\\obj\\Release\\Package\\PackageTmp\\Web\.config$" match="/configuration/connectionStrings/add[@name='NYCVNLEntities']/@connectionString" />
  </parameter>
  <parameter name="WebAPISecurityEntities-Web.config Connection String" defaultValue="metadata=res://*/WebAPISecurityDB.csdl|res://*/WebAPISecurityDB.ssdl|res://*/WebAPISecurityDB.msl;provider=System.Data.SqlClient;provider connection string='Data Source=&quot;localhost, 4436&quot;;Initial Catalog=WebAPISecurity;Persist Security Info=True;User ID=sa;Password=eY2Fe6TN&lt;eDS'">
    <parameterEntry kind="XmlFile" scope="C:\\code\\Visual\ Studio\\Projects\\PropertyWebAPI\\PropertyWebAPI\\obj\\Release\\Package\\PackageTmp\\Web\.config$" match="/configuration/connectionStrings/add[@name='WebAPISecurityEntities']/@connectionString" />
  </parameter>
  <parameter name="WebDataEntities-Web.config Connection String" defaultValue="metadata=res://*/WebDataDBModel.csdl|res://*/WebDataDBModel.ssdl|res://*/WebDataDBModel.msl;provider=System.Data.SqlClient;provider connection string='Data Source=&quot;localhost, 4436&quot;;Initial Catalog=WebData;Persist Security Info=True;User ID=sa;Password=eY2Fe6TN&lt;eDS'">
    <parameterEntry kind="XmlFile" scope="C:\\code\\Visual\ Studio\\Projects\\PropertyWebAPI\\PropertyWebAPI\\obj\\Release\\Package\\PackageTmp\\Web\.config$" match="/configuration/connectionStrings/add[@name='WebDataEntities']/@connectionString" />
  </parameter>
</parameters>