﻿<parameters>
  <parameter name="IIS Web Application Name" defaultValue="Default Web Site/eCourts" tags="IisApp">
    <parameterEntry kind="ProviderPath" scope="IisApp" match="^C:\\code\\Visual\ Studio\\Projects\\eCourtsWebAPI\\eCourtsWebAPI\\obj\\Release\\Package\\PackageTmp$" />
    <parameterEntry kind="ProviderPath" scope="setAcl" match="^C:\\code\\Visual\ Studio\\Projects\\eCourtsWebAPI\\eCourtsWebAPI\\obj\\Release\\Package\\PackageTmp$" />
  </parameter>
  <parameter name="NYCOURTSEntities-Web.config Connection String" defaultValue="metadata=res://*/eCourtsEDM.csdl|res://*/eCourtsEDM.ssdl|res://*/eCourtsEDM.msl;provider=System.Data.SqlClient;provider connection string='Data Source=&quot;ec2-54-87-131-179.compute-1.amazonaws.com, 4436&quot;;Initial Catalog=NYCOURTS;Persist Security Info=True;User ID=sa;Password=eY2Fe6TN&lt;eDS'">
    <parameterEntry kind="XmlFile" scope="C:\\code\\Visual\ Studio\\Projects\\eCourtsWebAPI\\eCourtsWebAPI\\obj\\Release\\Package\\PackageTmp\\Web\.config$" match="/configuration/connectionStrings/add[@name='NYCOURTSEntities']/@connectionString" />
  </parameter>
  <parameter name="WebAPISecurityEntities-Web.config Connection String" defaultValue="metadata=res://*/WebAPISecurityDB.csdl|res://*/WebAPISecurityDB.ssdl|res://*/WebAPISecurityDB.msl;provider=System.Data.SqlClient;provider connection string='Data Source=&quot;ec2-54-87-131-179.compute-1.amazonaws.com, 4436&quot;;Initial Catalog=WebAPISecurity;Persist Security Info=True;User ID=sa;Password=eY2Fe6TN&lt;eDS'">
    <parameterEntry kind="XmlFile" scope="C:\\code\\Visual\ Studio\\Projects\\eCourtsWebAPI\\eCourtsWebAPI\\obj\\Release\\Package\\PackageTmp\\Web\.config$" match="/configuration/connectionStrings/add[@name='WebAPISecurityEntities']/@connectionString" />
  </parameter>
</parameters>